ID,IOB Slot tags
1,B_movie O B_movie I_movie O O O O O O O O O O O O
2,O O O O O B_movie I_movie O O O O O O O O O
3,O O O O O O B_movie I_movie O O O O O O O O
4,O O O B_movie I_movie I_movie O O O O O O O O O O
5,O O O B_movie I_movie O O O O O O O O O O O
6,O O B_movie I_movie O O O O O O O O O O O O
7,O O O B_movie O B_movie I_movie O O O O O O O O O
8,O O O B_movie O B_movie I_movie I_movie O O O O O O O O
9,O O O O B_movie I_movie I_movie O O O O O O O O O
10,O O O O B_movie I_movie I_movie O O O O O O O O O
11,B_subject O B_movie I_movie I_movie I_movie O O O O O O O O O O
12,O O O B_movie I_movie I_movie O O O O O O O O O O
13,O O B_movie I_movie O O O O O O O O O O O O
14,O O O O O O O O O B_movie I_movie O O O O O
15,O O O O O O O O O O O O O O B_movie I_movie
16,O O O O I_movie I_movie O O O O O O O O O O
17,O O B_movie I_movie I_movie O O O O O O O O O O O
18,O O B_movie I_movie O O O O O O O O O O O O
19,O O O O O B_movie I_movie O O O O O O O O O
20,B_movie I_movie O O O O O O O O O O O O O O
21,O O O O O O B_movie I_movie I_movie O O O O O O O
22,O O O B_movie I_movie O O O O O O O O O O O
23,O O O O O O B_movie I_movie O O O O O O O O
24,B_movie O B_movie I_movie I_movie I_movie I_movie O O O O O O O O O
25,O O O O O O O O O O O O O O O O
26,O O O O O B_movie O B_movie I_movie O O O O O O O
27,O O O O O O O O O O O O O O O O
28,O O B_movie B_movie I_movie O O O O O O O O O O O
29,B_movie O B_movie I_movie O O O O O O O O O O O O
30,O O O O O O O O B_movie I_movie O O O O O O
31,O O O O O O O O O O O O O O O O
32,O O O O O O B_movie I_movie O O O O O O O O
33,O O O O O O O B_movie I_movie I_movie O
34,O O O O O O O O B_movie I_movie O
35,B_subject O O O O O O O O O O
36,O O B_movie I_movie I_movie O O O O O O
37,O O O O O B_movie I_movie I_movie O O O
38,O O B_movie I_movie O O O O O O O
39,O O O O O O B_movie I_movie I_movie O O
40,O O B_movie I_movie O O O O O O O
41,O O O O O B_movie O B_movie I_movie O O
42,O O B_movie I_movie I_movie O O O O O O
43,O O O O O O O O O B_movie I_movie
44,O O O O B_director O O O B_movie I_movie O
45,B_movie B_movie O O O O O O O O O
46,O O O B_movie O O O O O O O
47,O O O O O O O O B_movie I_movie O
48,O O O O O B_movie B_movie O O O O
49,O O O O O O O O O B_movie I_movie
50,O O O O O B_movie I_movie O O O O
51,O O O O O B_movie I_movie I_movie O O O
52,O O O O O B_movie I_movie I_movie O O O
53,O O O O O B_movie I_movie I_movie I_movie O O
54,O O O O O O I_movie I_movie I_movie O O
55,O O B_movie I_movie O O O O O O O
56,O O O O O B_movie I_movie I_movie O O O
57,O O O O B_cast I_cast O O O O O
58,O O B_movie I_movie O O O O O O O
59,O O O O O B_mpaa_rating O O O O O
60,O O O O O O O O O O O
61,O O O O B_person I_person O O O O O
62,O O O O B_director I_director O O O O O
63,O O O O B_director I_director O O O O O
64,O O O O B_producer O O O O O O
65,O O O O O O O O O O O O O O B_movie I_movie O
66,O O O B_movie I_movie O O O O O O O O O O O O
67,O O O B_movie I_movie O O O O O O O O O O O O
68,O O O B_movie I_movie O O O O O O O O O O O O
69,O O O O O O O O O O O O O O O O O
70,O O O B_movie I_movie O O O O O O O O O O O O
71,O O B_movie I_movie O O O O O O O O O O O O O
72,O O B_movie I_movie O O O O O O O O O O O O O
73,O O B_movie I_movie O O O O O O O O O O O O O
74,O O B_movie O O B_movie I_movie O O O O O O O O O O
75,O O B_person I_person O O O O O O O O O O O O O
76,O O O B_movie O O O O O O O O O O O O O
77,O O O O O O O B_movie I_movie O O O O O O O O
78,B_subject O O O I_movie O O O O O O O O O O O O
79,O O O O O O O O O O O O O O O O O
80,O O O B_movie O O O O O O O O O O O O O
81,O O O O O O O O O O O O O O O O O
82,O O O O O O O O B_movie I_movie I_movie O O O O O O
83,O O O O O B_movie I_movie O O O O O O O O O O
84,O O B_movie I_movie O O O O O O O O O O O O O
85,O O B_movie O I_movie O O O O O O O O O O O O
86,O O B_movie O O O O O O O O O O O O O O
87,O O B_movie I_movie O O O O O O O O O O O O O
88,O O B_movie I_movie I_movie O O O O O O O O O O O O
89,O O B_person I_person O O O O O O O O O O O O O
90,O O B_movie I_movie O O O O O O O O O O O O O
91,O O B_movie I_movie O O O O O O O O O O O O O
92,O O O B_movie I_movie I_movie O O O O O O O O O O O
93,O O B_movie I_movie O O O O O O O O O O O O O
94,O O O B_movie I_movie I_movie O O O O O O O O O O O
95,O O B_movie I_movie O O O O O O O O O O O O O
96,O O B_movie O O O O O O O O O O O O O O
97,O O B_movie O O O O O O O O O O
98,O O O O O O O O O O O B_movie I_movie
99,O O O O O O O O B_movie O O O O
100,O O O I_movie O O O O O O O O O
101,O O B_movie I_movie O O O O O O O O O
102,O O B_movie O O O O O O O O O O
103,O O O O I_movie I_movie O O O O I_movie I_movie O
104,O O O O O O B_movie I_movie O O O O O
105,O O O B_movie I_movie O O O O O O O O
106,O O B_movie I_movie O O O O O O O O O
107,O O O O O O O O O O B_movie I_movie O
108,O O O O O B_movie O O O O O O O
109,O O O B_movie I_movie I_movie I_movie I_movie I_movie I_movie I_movie O O
110,O O O B_movie I_movie O O O O O O O O
111,O O B_person I_person O O O O O O O O O
112,O O O O O O O O I_movie I_movie O O O
113,O O O B_person I_movie I_movie I_movie O O O O O O
114,O O B_movie I_movie I_movie I_movie O O O O O O O
115,O O O O O B_movie I_movie O O O O O O
116,O O O O O B_movie I_movie O O O O O O
117,O O O O O B_movie I_movie I_movie I_movie O O O O
118,O O O O O O B_movie I_movie I_movie I_movie I_movie O O
119,O O O O B_movie I_movie O B_movie I_movie I_movie I_movie O O
120,O O B_movie I_movie O O O O O O O O O
121,B_movie O O O O O O O O O O O O
122,B_movie O O O O O O O O O O O O
123,B_subject I_movie O B_movie O O O O O O O O O
124,O O O O O B_movie I_movie I_movie O O O O O
125,O O B_movie I_movie O O O O O O O O O
126,O O O O O B_movie I_movie I_movie I_movie I_movie O O O
127,O O O O B_movie I_movie I_movie I_movie I_movie I_movie I_movie I_movie I_movie
128,O O O O O O O B_movie I_movie I_movie O O O
129,O O B_movie I_movie O O O O O O O O
130,O O B_movie I_movie I_movie O O O O O O O
131,O O O I_movie O O B_movie I_movie I_movie O O O
132,O O O B_movie I_movie I_movie O O O O O O
133,O O B_movie I_movie I_movie O O O O O O O
134,B_movie I_movie O O O O O O O O O O
135,O O B_movie I_movie I_movie O O O O O O O
136,O O B_movie I_movie O O O O O O O O
137,O O O O O O O O O O O B_movie
138,O O O O O I_movie I_movie O O O O O
139,O O B_movie I_movie I_movie I_movie O O O O O O
140,O O O O O O I_movie I_movie O O O O
141,O O B_movie I_movie O O O O O O O O
142,B_movie O O O O O O O O O O O
143,O O B_movie I_movie I_movie O O O O O O O
144,O O B_movie I_movie I_movie O O O O O O O
145,O O O O O B_movie I_movie I_movie O O O O
146,O O O O O B_movie I_movie I_movie O O O O
147,O O O O O B_movie I_movie I_movie O O O O
148,O O O O B_movie I_movie I_movie O O O O O
149,O O O O O B_movie I_movie I_movie O O O O
150,O O O O B_movie I_movie I_movie O O O O O
151,O O B_movie I_movie I_movie O O O O O O O
152,I_subject O O O O O O O O O O O
153,O O O O O I_movie I_movie I_movie I_movie O O O
154,O O O I_movie I_movie I_movie I_movie O O O O O
155,O O O I_movie I_movie I_movie I_movie O O O O O
156,O O O O O O O B_movie I_movie O O O
157,O O O O O O O O O O O O
158,O O O O B_movie I_movie I_movie O O O O O
159,O O O O O B_movie I_movie O O O O O
160,O O B_movie I_movie O O O O O O O O
161,O O O B_movie I_movie O O O O O O O O O
162,O O O O O B_movie O O O O O O O O
163,O O B_movie I_movie I_movie I_movie O O O O O O O O
164,O O O O O O O O O B_movie I_movie O O O
165,O O O O O O B_movie O O O O O O O
166,O O B_movie I_movie I_movie I_movie I_movie O O O O O O O
167,O O O O O O O O O O O O O O
168,B_subject O O O B_movie I_movie O O O O O O O O
169,O O O O B_movie I_movie I_movie I_movie I_movie O O O O O
170,O O O O O O B_movie I_movie O O I_movie O O O
171,O O O B_movie I_movie O I_movie O O O O O O O
172,O O B_movie I_movie O O O O O O O O O O
173,O O O O O O O B_movie I_movie O O O O O
174,O O O O O O O O O O B_movie I_movie O O
175,O O B_movie I_movie I_movie O O O O O O O O O
176,O O O O O O O O O O O O O O
177,O O O O O B_movie I_movie O O O O O O O
178,O O O O O O O O O O O O O O
179,O O O O O O O O O O O O O O
180,O O O O O O O O O O O O O O
181,O O I_movie I_movie O O O O O O O O O O
182,O O I_movie I_movie I_movie O O O O O O O O O
183,O O O B_movie O O B_movie O O O O O O O
184,O O B_movie I_movie O O O O O O O O O O
185,O O O O O O O O O O O O O O
186,O O O O O O O O O O O O O O
187,O O O O O O O O O B_country O O O O
188,O O O O O O O B_country O O O O O O
189,B_producer I_producer O O O O O O O O O O O O
190,O O O O O O O O O B_producer I_producer O O O
191,O B_movie I_movie I_movie O O O O O O O O O O
192,O O O O B_movie I_movie I_movie O O O O O O O
193,O O O O O O O O O O O O O O O
194,O O O O O O O O O O O O O O O
195,O B_subject O O O B_language B_language O O O O O O O O
196,O B_cast I_cast O O O B_movie I_movie O O O O O O O
197,O B_cast I_cast O O O B_movie I_movie I_movie O O O O O O
198,O O O B_subject O O O O O O O O O O O
199,O O O O B_subject O O O O O O O O O O
200,O B_person I_person O O O O O O O O O O O O
201,B_person I_person O O O O O O O O O O O O O
202,O O O B_director I_cast O O O O O O O O O O
203,O B_country O O O O O O O O O O O O O
204,O O O O B_movie I_movie O O O O O O O B_movie O
205,B_subject O O O O O O O O O O O O O O
206,B_movie O O O I_movie O O O O O O O O O O
207,B_person O O O O O O O O O O O O O O
208,O O O O B_director I_director O O O O O O O O O
209,O O O O O O O O O O O O O O O
210,O O B_movie I_person O O B_language O O O O O O O O
211,O O O O O B_movie I_movie O O O O O O O O
212,B_movie I_movie O O O O O O O O O O O O O
213,O O O B_movie I_movie O O O O O O O O O O
214,O O O O O O O O B_movie I_movie O O O O O
215,O O O O O O B_movie I_movie O O O O O O O
216,O O B_director I_director O O O O O O O O O O O
217,O O O O O O O B_director I_director I_director O O O O O
218,O O O O O O O O O O O O O O O
219,O O O O B_cast I_cast O O O O O O O O O
220,O O O O B_director I_director O O O O O O O O O
221,O O O O B_cast O O O O O O O O O O
222,O O B_person I_person O O O O O O O O O O O
223,O O O O O O B_cast I_cast O O O O O O O
224,O O O O B_cast I_cast I_cast O O O O O O O O
225,B_director I_director O O O O O O O
226,O O O O O B_director I_director O O
227,O O B_movie I_movie O O O O O
228,O O O O O O O O O
229,O O O I_director O O O O O
230,O O O O O O B_mpaa_rating B_mpaa_rating O
231,O O O O O O O O O
232,O O O O O B_language O O O
233,O O O O O O B_country I_producer O
234,O O O O O O O B_country I_country
235,O B_language O O O O O O O
236,O B_language O O O O O O O
237,B_genre O O O O O O O O
238,O O B_genre I_producer O O O O O
239,O B_genre O O O O O O O
240,O B_genre O O O O O O O
241,O O B_genre O O O O O O
242,O O O O O O O B_genre O
243,O O B_person I_person O O O O O
244,O O O B_director I_director O O B_language O
245,O O O B_cast I_cast O O O O
246,O O O O O B_country I_cast O O
247,O O O O B_country O O O O
248,O B_country O O O O O O O
249,O O O O B_country O O O O
250,B_subject O O O O B_movie O O O
251,O O B_subject I_person O O O O O
252,O O O O O O O B_country B_mpaa_rating
253,O O O B_country I_producer O O O O
254,O O O O O O O O O
255,O O O O B_language O O O O
256,B_language O O O O O O O O
257,B_language O O O O O O O O
258,O O O O O O O O O
259,O O O O O O O O O
260,O O B_genre O O O O O O
261,O O O O O O O B_language I_cast
262,B_subject O O O O O O O O
263,O O O B_director I_director O O O O
264,B_country O O O O O O O O
265,B_country O O O O O O O O
266,O B_subject I_director O O O O O O
267,O O O O I_producer O O O O
268,O O O B_language I_cast O O O O
269,O O O O B_country I_producer O O O
270,O O O I_movie B_genre O O O O
271,O O O O O B_mpaa_rating O B_genre O
272,O O B_language I_language I_language O O O O
273,O O B_movie I_movie O O O I_movie O
274,O O O O O O O B_movie I_movie
275,O O O B_movie I_movie O O O O
276,O O O O O O O B_genre O
277,O O O O O I_cast I_cast O O
278,O O O O B_person I_person O O O
279,O O O B_cast I_cast O O O O
280,O O O O B_subject I_cast O O O
281,O O O B_director I_director O O B_language O
282,B_movie I_movie O O O O O O O
283,B_movie I_movie O O O O O O O
284,O O O O O B_movie I_movie O O
285,O B_movie I_movie O O O O O O
286,O O B_country I_producer O O O O O
287,O O O B_country I_producer O O O O
288,O B_country O O O O O O O
289,O O B_country O O O O O O O O
290,O O O O O O B_country O O O O
291,O O O O O B_country O O O O O
292,B_country O O O O O O O O O O
293,O O B_country I_language O O O O O O O
294,O O O O O B_country I_cast O O O O
295,B_producer O O O O O O O O O O
296,O O O B_producer I_producer O O O O O O
297,O B_person I_person O O O O O O O O
298,O B_person I_person O O O O O O O O
299,O O O B_subject I_subject O O O O O O
300,O O O B_subject O O O O O O O
301,B_person O O O O O O O O O O
302,B_movie O O O O O O O O O O
303,O O O B_director I_director O O O O O O
304,O O O O O B_producer I_producer O O O O
305,O O O O B_producer I_producer O O O O O
306,O O O B_producer O O O O O O O
307,O O O O B_country I_producer O O O O O
308,O O O O O B_producer I_producer I_producer O O O
309,O B_movie O O O O O O O O O
310,O O O O O B_person I_person O O O O
311,O O O B_country I_producer O O O O O O
312,O O O B_country I_producer O O O O O O
313,B_subject O O O O O O O B_country I_cast O
314,O O O O B_country I_producer O O O O O
315,O O O O O O O O O O O
316,O O O B_language O O O O O O O
317,O O B_country O O O O O O O O
318,O O O O B_mpaa_rating O O O O O O
319,O O O O O O B_mpaa_rating B_mpaa_rating O O O
320,O O O B_mpaa_rating O O O O O O O
321,O O B_mpaa_rating O O B_mpaa_rating O O O O O O O O
322,O B_mpaa_rating O O O O O O O O O O O O
323,O B_mpaa_rating O O O O O O O O O O O O
324,O O O B_mpaa_rating O O O O O O O O O O
325,O O B_mpaa_rating O O O O O O O O O O O
326,O O O O O B_mpaa_rating O O O O O O O O
327,O B_mpaa_rating O O O O O O O O O O O O
328,O B_mpaa_rating O O O O O O O O O O O O
329,O O O O O B_mpaa_rating O O O O O O O O
330,O O O O O O B_mpaa_rating B_mpaa_rating O O O O O O
331,O O O B_mpaa_rating O O O O O O O O O O
332,O O O O B_mpaa_rating O O O O O O O O O
333,O B_director I_director O O O I_movie O O O O O O O
334,B_cast I_producer O O O O O O O O O O O O
335,O O O O O O O B_director I_director O O O O O
336,O O O O B_producer I_producer I_producer O O O O O O O
337,O O B_country O O O O O O O O O O O
338,O O O B_country O O O O O O O O O O
339,O O O O O B_country O O O O O O O O
340,O O O B_director I_director O O O O O O O O O
341,O O O O O O O O B_director I_director O O O O
342,O B_director I_director O O O O O O O O O O O
343,O O O O B_director I_director I_director O O O O O O O
344,O O O O O O B_director I_director I_director O O O O O
345,O O O O O O O B_director I_director O O O O O
346,O O O B_director I_director O O O O O O O O O
347,O O O O B_director I_director I_director O O O O O O O
348,O O O O B_director I_director O O O O O O O O
349,O O O O O O O O O O O O O B_producer
350,O O O O O O O O O B_producer I_producer I_producer O O
351,O O B_country B_genre O O O O O O O O O O
352,O O O O O O B_director I_director O O O O O O
353,O O B_director I_director I_director O O O O O O O
354,O O B_director I_director I_director O O O O O O O
355,O O O B_director I_director O O O O O O O
356,O B_director I_director O O O O O O O O O
357,B_person I_person O O O O O O O O O O
358,B_person I_person O O O O O O O O O O
359,O O B_director I_director O O O O O O O O
360,O O B_person I_person O O O O O O O O
361,O O O B_director I_director O O O O O O O
362,O O O O O O O O O B_director I_director I_director
363,B_movie I_movie I_movie O O O O O O O O O
364,O B_person I_person I_movie I_movie I_movie O O O O O O
365,O O O O O O B_cast I_cast O O O O
366,O O O B_cast I_cast O O O O O O O
367,O O O O B_country I_country O O O O O O
368,O O O O O O O O O B_country I_country O
369,O O O O O O O O B_country I_country O O
370,B_country O O O O O O O O O O O
371,B_country O O O O O O O O O O O
372,O O O O B_producer I_producer O O O O O O
373,O O O I_director I_producer O O O O O O O
374,O O O O B_producer I_producer O O O O O O
375,O O O O B_producer I_producer O O O O O O
376,O O B_person I_person O O O O O O O O
377,O O O O O B_director I_director O O O O O
378,B_person I_person O O O O O O O O O O
379,O O O O B_cast I_cast O O O O O O
380,O O O O O O O O O O B_cast I_cast
381,O O O O B_director I_director O O O O O O
382,O O O O O O O O B_producer I_producer O O
383,O O O O O O O O B_producer I_producer O O
384,O O O B_producer I_producer I_producer O O O O O O
385,O O B_person I_person O O O O O O O O
386,O O O B_person I_person O O O O O O O
387,O O O O B_producer I_director O O O O O O
388,O O O O O O O O O O B_director I_director
389,O O O O O O O O O O B_director I_director
390,B_director I_director O O O O O O O O O O
391,O O O B_producer I_producer I_producer O O O O O O
392,O O O O O O B_producer I_producer I_producer O O O
393,O O O O B_producer I_producer I_producer O O O O O
394,O O O O O O B_producer I_producer I_producer O O O
395,O O O O B_director I_director O O O O O O
396,O O O O B_movie I_movie O O O O O O
397,O O O O B_movie I_movie O O O O O O
398,O O B_movie I_movie O O O O O O O O
399,B_movie I_movie O O O O O O O O O O
400,O B_movie I_movie O O O O O O O O O
401,O O O O B_movie I_movie I_movie O O O O O
402,B_movie I_movie O O O O O O O O O O
403,O O O B_person I_person O O O O O O O
404,B_subject B_movie I_movie O O O O O O O O O
405,O B_person I_person O O O O O O O O O
406,O O B_person I_person O O O O O O O O
407,O O O B_cast I_cast O O O O O O O
408,B_producer O O O O O O O O O O O
409,O B_producer O O O O O O O O O O
410,O O O O O B_producer O O O O O O
411,O O O O B_director I_director O O O O O O
412,O B_director I_director O O O O O O O O O
413,O O O B_director I_director O O O O O O O
414,O O O O O O O B_country I_country I_country O O
415,O O B_subject O O O O O O O O O
416,O O O O O O O O O O O O
417,B_language O O O O O O O O O O O
418,O O O O B_director I_director O O B_movie I_movie O O
419,O O O O O O B_cast I_cast O O O O
420,O O B_person O O O O O O O O O
421,O O O O O B_genre O O B_country O O O
422,B_subject O O O O O O O O O O O
423,O O O O O O O O B_director I_director O O
424,O B_director I_director O O O O O O O O O
425,O O O B_person I_person O O O O O O O
426,O O O B_director I_director O O O O O O O
427,O O O B_producer I_producer O O O O O O O
428,O O O O O O O O O O B_producer I_producer
429,O O O B_cast I_cast O O O O O O O
430,O O O O B_cast I_cast I_cast O O O O O
431,O O O O O B_cast I_cast O O O O O
432,O O B_mpaa_rating O O O O O O O O O
433,O O B_mpaa_rating O O O O O O O O O
434,O O O O O B_mpaa_rating O O O O O O
435,O O B_mpaa_rating O O O O O O O O O
436,O O O B_mpaa_rating O O O O O O O O
437,O O O O O O O O B_mpaa_rating O O O
438,O O O O O O O O B_mpaa_rating B_mpaa_rating O O
439,O O O O O O B_mpaa_rating O O O O O
440,O O O O B_mpaa_rating O O O O O O O
441,O O O O O B_mpaa_rating O O O O O O
442,O O O O O O O O O O B_mpaa_rating O
443,O O O O O O B_country I_producer O O O O
444,O O O O O O B_language O O O O O
445,O O O O O B_country I_producer O O O O O
446,O O O O B_movie I_movie O O O O O O
447,O O O B_subject O O O O O O O O
448,O O O O B_subject I_subject O O O O O O
449,O O O O B_subject I_subject O O O O O
450,O O B_subject O O O O O O O O
451,O B_person O O O O O O O O O
452,O B_person O O O O O O O O O
453,O O O O O O O B_director I_director O O
454,O B_country O O O O O O O O O
455,B_country O O O O O O O O O O
456,O B_genre O O O O O O O O O
457,O O B_genre O O O O O O O O
458,O B_director O O O O O O O O O
459,O O B_person I_person O O O O O O O
460,O O O O B_director I_director I_director O O O O
461,O O B_producer I_producer O O O O O O O
462,O O O O O B_producer I_producer I_producer O O O
463,O O O O O O B_producer I_producer I_producer O O
464,O O O O O B_producer I_producer I_producer O O O
465,O O O O B_producer I_producer I_producer O O O O
466,O O O O O B_producer I_producer I_producer O O O
467,O O O O I_cast O O O O O O
468,O O O O O O O O O O O
469,O O O O O O O B_country O O O
470,O O B_movie I_movie I_movie O O O O O O
471,O O O O B_movie I_movie I_movie I_movie O O O
472,O O O O B_movie I_movie I_movie I_movie O O O
473,B_movie I_movie I_movie I_movie O O O O O O O
474,O O B_movie I_movie I_movie I_movie O O O O O
475,O B_movie I_movie I_movie I_movie O O O O O O
476,O O B_subject O O O O B_movie I_movie I_movie I_movie
477,O O O B_movie I_movie O O O O O O
478,O O O B_movie I_movie O O O O O O
479,O O O B_movie I_movie O O O O O O
480,O O O O I_movie O O O O O O
481,O O O O O I_movie I_movie O O O O O O O O O O
482,O O O O O B_movie O I_movie I_movie O O O O O O O O
483,O O I_movie O O O O O O O O O O O O O O
484,O O O O O O B_movie O B_language O O O O O O O O
485,O O B_movie O O O O O O O O O O O O O O
486,O O O O O O O O O O O O O O O O O
487,B_subject O O O O O O O O O O O O O O O O
488,O O O B_director I_director O O O O O O O O O O O O
489,O O O O O O O O B_producer I_producer I_producer O O O O O O
490,O O O O B_subject I_subject O O O O O O O O O O O
491,O O B_person I_person O O O O O O O O O O O O O
492,O O O O O O O O O O O O O O O O O
493,O O O O O O O O O O O O O O O O O
494,O O O B_person O O B_producer I_producer O O O O O O O O O
495,O O O O B_subject I_subject O O O O O O O O O O O
496,O B_subject O B_genre O B_country O O O O O O O O O O O
497,O O O O B_movie I_movie I_movie I_movie I_movie I_movie I_movie O O O O O O
498,O O O I_movie O O I_movie O O I_movie O O O O O O O
499,O O O O O O O B_movie I_movie I_movie I_movie I_movie I_movie I_movie O O O
500,O O O O O O O O O O B_movie I_movie I_movie I_movie I_movie I_movie I_movie
501,O O O O O O B_movie I_movie I_movie I_movie I_movie I_movie I_movie O O O O
502,O O B_cast I_cast O O O O O O O O O O O O O
503,O O O O O O O B_language I_cast O O O O O O O O
504,O O O O O O B_director I_director O O O O O O O O O
505,B_person I_person O O O O O O O O O O O O O O O
506,O O B_person I_person O O O O O O O O O O O O O
507,O O O B_cast I_producer O O O O O O O O O O O O
508,O O O B_cast I_cast O O B_language O O O O O O O O O
509,O O O O I_movie O O O O O O O O O O O O
510,O O O O O O O O O O O O O O O O O
511,O O O O B_director I_director O O O O O O O O O O O
512,O O O O O B_person O O O O O O O O O O O
513,O O O B_movie I_movie O O O O O O O
514,O O O O O O B_movie I_movie O O O O
515,O O O O O O O O O O B_movie I_movie
516,O O B_mpaa_rating O O O O O O O O O
517,B_mpaa_rating O O O O O O O O O O O
518,B_subject O O O B_mpaa_rating O O O O O O O
519,O O O O O B_mpaa_rating O O O O O O
520,O O O O O O O B_mpaa_rating O O O O
521,O O O O O B_mpaa_rating O O O O O O
522,O O O O B_mpaa_rating O O O O O O O
523,O O O B_mpaa_rating O O O O O O O O
524,O O B_director I_director I_director O O O O O O O
525,O O O B_director I_director O O O O O O O
526,O B_subject O O O O O O O O O O
527,O O O O O O O O B_cast I_cast O O
528,O O O O O O O O B_mpaa_rating B_mpaa_rating O O
529,O O O O O O O O B_mpaa_rating B_mpaa_rating O O
530,B_producer I_producer O O O O O O O O O O
531,O O B_person O O O O O O O O O
532,O O O O O B_director I_director O O O O O
533,O O O O O O O B_language O O O O
534,O O O B_cast I_cast O O O O O O O
535,O O O O O O O O O O O O
536,O O O I_movie O O O O O O O O
537,O O I_movie I_movie O O O O O O O O
538,O O O O B_producer I_producer O O O O O O
539,B_producer O O O O O O O O O O O
540,O O O B_producer O O O O O O O O
541,O O B_person I_person O O O O O O O O
542,O O O B_person I_person O O O O O O O
543,O O O O O O O B_person I_person O O O
544,O O O O O O B_person I_person O O O O
545,B_person I_person O O O O O O O
546,O B_person I_person O O O O O O
547,O O O O O O O I_cast O
548,O O O O B_person I_person O O O
549,O O B_person I_person O O O O O
550,O O O B_person I_person O O O O
551,O B_person I_person O O O O O O
552,O O O O O O B_person I_person O
553,B_subject O O O O O O O O
554,O O O O B_person O O O O
555,B_person I_person O O O O O O O
556,O B_person I_person O O O O O O
557,O O O O O B_person I_person O O
558,O O B_person I_person O O O O O
559,O O B_director I_director O O O O O
560,O O O O O B_person I_person O O
561,O O B_director I_person O O O O O
562,O O O O O O O B_movie I_movie
563,O B_movie I_movie O O O O O O
564,O O B_movie I_movie O O O O O
565,O O O B_movie I_movie O O O O
566,O O O B_movie I_movie O O O O
567,O O O O O O B_movie I_movie O
568,O O B_movie I_movie O O O O O
569,O O O O O B_movie I_movie O O
570,O O O B_movie I_movie O O O O
571,O O O O B_movie I_movie I_movie O O
572,O O B_movie I_movie O O O O O
573,O O O O O O O B_movie I_movie
574,O O B_movie I_movie O O O O O
575,O O B_movie I_movie O O O O O
576,B_movie O B_movie O O O O O O
577,O O O O O O O O O B_movie
578,O O O O B_movie I_movie O O O O
579,O O O O O O O B_movie I_movie O
580,O O B_movie O O O O O O O
581,O O B_movie I_movie O O O O O O
582,O O O O B_movie I_movie I_movie I_movie I_movie O
583,O O B_movie I_movie I_movie O O O O O
584,O O O O O O I_movie I_movie O O
585,B_movie I_movie O O O O O O O O
586,O O O O B_movie I_movie O O O O
587,O O B_movie I_movie I_movie O O O O O
588,O O B_movie I_movie I_movie I_movie O O O O
589,O O B_movie I_movie O O O O O O
590,O O O O O O O O B_movie I_movie
591,O O B_movie O O B_movie I_movie O O O
592,O O O B_movie I_movie I_movie O O O O
593,O O B_movie I_movie O O O O O O
594,O O O O O O O O B_movie I_movie
595,O O O O O O O O B_movie I_movie
596,O O O O O O O B_movie I_movie O
597,O O B_movie I_movie I_movie O O O O O
598,O O O O B_movie I_movie I_movie O O O
599,O O O O O B_movie I_movie I_movie O O
600,O O O O O B_movie I_movie I_movie O O
601,O O O O O O O O O O
602,O O O O B_movie I_movie O O O O
603,O O B_movie I_movie O O O O O O
604,O O O O O B_movie I_movie O O O
605,O O O B_movie I_movie O O O O O
606,O O O O O O B_movie I_movie I_movie O
607,O O O B_movie I_movie O O O O O
608,O O O I_movie O O O O O O
609,O O O B_movie I_movie I_movie O O O I_movie O O O O O O O O O
610,O O B_person O B_movie I_movie I_movie O O O O O O O O O O O O
611,O O B_movie I_movie I_movie O O O O O O O O O O O O O O
612,O O O O O I_person O O O O O O O O O O O O O
613,O O O O O O O B_movie I_movie I_movie O O O O O O O O O
614,O O B_char I_movie O B_movie I_movie I_movie O O O O O O O O O O O
615,O O O B_movie I_movie I_movie I_movie I_movie I_movie I_movie O O O O O O O O O
616,O O O O O O B_movie I_movie I_movie I_movie I_movie I_movie I_movie O O O O O O
617,O O O O B_movie I_movie I_movie I_movie I_movie I_movie I_movie I_movie O O O O O O O
618,B_subject O O O O O O O O O O O O O O O O O O
619,O O O B_char O O B_subject B_subject I_movie O O O O O O O O O O
620,O O O O O O B_movie I_movie I_movie I_movie I_movie I_movie I_movie I_movie O O O O O
621,O O B_char O B_movie I_movie O O O O O O O O O O O O O
622,O O B_char O B_movie I_movie I_movie I_movie O O O O O O O O O O O
623,O O O O O O O B_movie I_movie I_movie O O O O O O O O O
624,O O O O O B_movie I_movie I_movie I_movie O O O O O O O O O O
625,O O O O I_movie O O O O I_movie I_movie O O O O O O O O
626,O O O I_movie O B_movie I_movie I_movie I_movie I_movie O O O O O O O O O
627,O O O O O O O O B_char O B_movie I_movie I_movie I_movie O O O O O
628,O O O O O O O O O B_char O B_movie I_movie I_movie I_movie O O O O
629,O O O O O O O O O I_movie O B_movie I_movie O I_movie I_movie I_movie I_movie I_movie
630,O O O O O O O O O B_movie I_movie O O O O O O O O
631,B_subject O O O O I_movie O O O O O O O O O O O O O
632,O O O O B_movie I_movie I_movie I_movie O O O O O O O O O O O
633,O O O O O O O O O I_movie I_movie O I_movie I_movie I_movie I_movie I_movie O O
634,O O O O O O O O O O O O O I_movie O I_movie I_movie I_movie I_movie
635,O O O O O B_movie I_movie I_movie I_movie I_movie O O O O O O O O O
636,O O O O O B_movie I_movie O O O O O O O O O O O O
637,O O O O O B_movie I_movie O O O O O O O O O O O O
638,O O O O O B_movie I_movie I_movie O O O O O O O O O O O
639,O O O O O B_movie I_movie I_movie O O O O O O O O O O O
640,O O O O O B_movie I_movie I_movie O O O O O O O O O O O
641,O O O B_movie O B_movie O O O O O
642,O O O O O O O B_movie I_movie O O
643,O O O O O O O B_movie I_movie O O
644,O O O O O O O B_movie I_movie O O
645,O O O B_movie I_movie I_movie I_movie O O O O
646,O O O O O O O O O O O
647,O O O O O B_movie O O O O O
648,O O O O O B_movie I_movie I_movie I_movie O O
649,O O O O O O O B_movie I_movie I_movie I_movie
650,O O O O O B_movie I_movie I_movie O O O
651,O O O O O B_movie I_movie I_movie I_movie I_movie O
652,B_subject O O O O O O O O O O
653,O O O B_movie I_movie O O O O O O
654,O O B_movie I_movie I_movie O O O O O O
655,O O O B_movie I_movie O O O O O O
656,O O O I_movie O I_movie O O O O O
657,O O O B_movie I_movie O O O O O O
658,O O O O O B_movie I_movie I_movie I_movie O O
659,O O O O B_movie I_movie O O O O O
660,O O O O B_movie O O O O O O
661,O O O O O O O B_movie I_movie O O
662,O O O B_movie I_movie I_movie I_movie O I_movie O O
663,O O O O O O O I_movie I_movie O O
664,O O O O O O B_movie I_movie O O O
665,O O O O O O B_movie I_movie I_movie I_movie O
666,O O B_movie O O I_movie I_movie O O O O
667,O O O O B_movie I_movie O O O O O
668,O O O I_movie I_movie O I_movie O O O O
669,O B_person O O O O O O O O O
670,O O B_movie O O O O O O O O
671,O O B_movie O O O O O O O O
672,O O O I_movie I_movie I_movie O O O O O
673,O O B_movie I_movie I_movie I_movie I_movie O O O O O
674,O O B_movie I_movie O O O O O O O O
675,O O O O B_movie I_movie I_movie O O O O O
676,O O B_movie I_movie I_movie I_movie O O O O O O
677,O O O O O B_movie I_movie I_movie O O O O
678,O O O O B_movie I_movie I_movie I_movie I_movie O O O
679,O B_movie O O I_movie O O O O O O O
680,O O O B_movie O O O O O O O O
681,O O O O O O O O O O O O
682,O O B_movie I_movie O O O O O O O O
683,O O O B_movie I_movie O O O O O O O
684,O O O O O B_genre O O O B_mpaa_rating I_mpaa_rating O
685,O O B_genre I_person O O B_subject O O O O O
686,O O O B_subject O B_person O O O O O O
687,O O B_genre O O B_movie O O O O O O
688,O O B_director O O O O O O O O O
689,O B_genre I_person O O O O O O O O O
690,B_subject O O O O O O O O O O O
691,O O B_genre O O O O O O O O O
692,O B_director I_director O O O O O O O O O
693,O O O O I_director I_director O O O O O O
694,O O O O O O B_person I_person O O O O
695,O O O B_person I_person O O O O O O O
696,O O O O O O O O O O O O
697,O O O O B_person O O O O O O O
698,O O B_director O O B_director I_director O O O O O
699,O O O O O B_country O O O O O O
700,O B_subject O O B_language I_cast O O O O O O
701,O O O O O O B_producer I_producer O O O O
702,O O O B_language O B_subject O O O O O O
703,B_subject B_subject O O O B_director I_producer O O O O O
704,O O O O O O O O O O O O
705,O O O O B_cast I_cast O O O O O O
706,O O O B_cast I_cast O O O O O O O
707,O O B_director I_director O O O O O O O O
708,O B_director I_movie O O O O O O O O O
709,O O O B_director I_director O O O O O O O
710,O O B_director I_director O O O O O O O O
711,O O O O O B_director I_director I_director O O O O
712,B_person I_person O O O O O O O O O O
713,O O O O O O B_director I_director O O O O
714,B_subject O O O O O O O O O O O
715,O B_genre O O B_cast I_cast O O O O O O
716,O O B_director O O B_country I_cast O O O O O
717,B_genre B_mpaa_rating I_mpaa_rating O O O O O O O O O
718,B_subject O O O O O O O O O O O
719,O O O O O O O O O O O O
720,O O O O O B_language I_cast O O O O O
721,O O O O O I_director I_cast O O O O O
722,O O O O O O I_country I_cast O O O O
723,O O O B_cast I_cast O O O O O O O
724,O O O O O O O O O O O O
725,O O O O B_language I_cast O O O O O O
726,O O O O O O B_language I_cast O O O O
727,O O O O O O O O O O O B_language
728,O O O B_language I_cast O O O O O O O
729,O O O O O O B_language B_language O O O O
730,O O O B_language B_language O O O O O O O
731,O O O O O O O O B_language B_language O O
732,O O B_language I_cast O O O O O O O O
733,O O O O O O O O I_director O O O
734,O O O O B_language B_language O O O O O O
735,O O O B_language I_cast I_cast O O O O O O
736,O O O O O O O O B_language O O O
737,O O O B_language I_producer O O O O O O O O O O O O O O O O O
738,O O O O B_language B_language O O O O O O O O O O O O O O O O
739,O O O O O B_language I_language O O O O O O O O O O O O O O O
740,O O B_language B_language O O O O O O O O O O O O O O O O O O
741,O O O O O O B_language B_language O O O O O O O O O O O O O O
742,O O O O O O O O B_language B_language O O O O O O O O O O O O
743,O O O B_language I_cast O O O O O O O O O O O O O O O O O
744,O O O O O O O O O B_producer I_producer I_producer O O O O O O O O O O
745,O O O B_director I_director O O O O O O O O O O O O O O O O O
746,O B_producer I_person O O O O O O O O O O O O O O O O O O O
747,O O O O O O B_producer I_producer I_producer O O O O O O O O O O O O O
748,O O O O O B_director I_director O O O O O O O O O O O O O O O
749,B_producer B_producer O O O O O O O O B_producer O O O I_producer O O O O O O O
750,B_producer I_producer I_producer O B_producer I_producer O O O O O O O O O O O O O O O O
751,O O B_mpaa_rating I_mpaa_rating O O O O O O O O O O O O O O O O O O
752,O O O O B_cast O O O O O O O O O O O O O O O O O
753,O O O O O B_subject O O O O O O O O O O O O O O O O
754,O O O O O B_mpaa_rating I_mpaa_rating O O O O O O O O O O O O O O O
755,O O O O O B_mpaa_rating I_mpaa_rating O O O O O O O O O O O O O O O
756,O O O O O O B_mpaa_rating O O O O O O O O O B_producer O O O O O
757,O O O O B_mpaa_rating O O B_producer I_producer O O O O O O O O O O O O O
758,O O O O O O O O O O O O O O O O O O O O O O
759,O O O B_producer O O O O O O O O O O O O O O O O O O
760,O O O O O O B_cast I_cast O O O O O O O O O O O O O O
761,O O O O B_cast O O O O O O O O O O O O O O O O O
762,O O O O O O O O O O O O O O O O O O O O O O
763,O O O O O B_cast I_cast O O O O O O O O O O O O O O O
764,O O O O O O O B_cast I_cast O O O O O O O O O O O O O
765,O O O O B_subject I_cast O O O O O O O O O O O O O O O O
766,O O O O O O I_cast O O O O O O O O O O O O O O O
767,O O O O O B_movie I_movie O O O B_country I_movie O O O O O O O O O O
768,O O O I_movie O O O I_movie O O O O O O O O O O O O O O
769,O O B_director I_director O O O O O O O O
770,O O B_person I_person O O O O O B_movie O O
771,O O B_subject I_director O O O O O O O O
772,O O O O B_subject I_person O O O O O O
773,I_person O O O O O O O O O O O
774,O O O O B_subject I_person O O O O O O
775,O O O O O B_subject O O O O O O
776,O O O O O O O O O O O O
777,O O O O O O O B_subject I_director O O O
778,O O O B_subject I_director O O O O O O O
779,O O O O B_subject I_director O O O O O O
780,O O O O O B_subject B_subject O O O O O
781,O O O O B_subject I_person O O O O O O
782,O O O O O O O O O O O O
783,O O O O O O O O O O B_subject B_subject
784,O O O O O O O O B_subject I_subject O O
785,O O O O O B_mpaa_rating O O O O O O
786,O O O O O O O O O O O O
787,O O O O I_subject O O O O O O O
788,O O O B_subject B_subject I_subject I_subject O O O O O
789,B_subject O O O O O O O O O O O
790,O O O O B_subject O B_subject O O O O O
791,O O O O O O O B_subject I_cast O O O
792,O O O O O O O B_subject I_cast O O O
793,O O O O O O O B_subject I_subject O O O
794,O O O O B_subject I_cast O O O O O O
795,O O O B_subject I_subject I_subject O O O O O O
796,O O O B_subject B_subject O O O O O O O
797,O O B_subject O O O O O O O O O
798,O O O O B_language I_movie O O O O O O
799,O B_movie O B_mpaa_rating O O O O O O O O
800,O O O O I_movie I_movie O O O O O O
801,O B_movie O B_language I_movie O O O O O O O
802,O B_subject O O O B_country I_movie O O O O O
803,O O O I_movie O O O O O O O O
804,O O O B_movie I_movie I_movie O O O O O O
805,O O O B_movie I_movie I_movie O O O O O O
806,B_person O O O O O O O O B_movie I_movie I_movie
807,O O O O O O O O O B_movie I_movie I_movie
808,O O O O O O B_movie I_movie I_movie O O O
809,O O O O O O B_movie I_movie I_movie O O O
810,O O O O O O B_movie I_movie I_movie O O O
811,O B_movie I_movie O I_movie O O B_movie I_movie O O O
812,O O O B_language I_person O O O O O O O
813,O O O O B_movie I_movie I_movie O I_movie O O O
814,O O O O O O B_movie I_movie I_movie I_movie I_movie I_movie
815,O B_producer I_producer O O O B_genre O O O O O
816,O O O B_movie I_movie I_movie O O O I_movie O O
817,O O O O O O O B_person O O O O
818,O O O O B_subject O O O O O O O
819,B_country O O B_country I_cast O O O O O O O
820,O O B_country O O B_producer I_producer O O O O O
821,O O O B_producer O O O O O O O O
822,B_producer O O B_mpaa_rating O O O O O O O O
823,O O O O O O O O O O B_person I_person
824,O O O O O O B_person I_person O O O O
825,O O O O B_person I_person O O O O O O
826,O O O O O O O B_person I_person O O O
827,O O O O B_movie I_movie O O O O O O
828,O O O O O O O O O O O O
829,O O O O B_movie I_movie I_movie I_movie O O O O
830,O O O O O O B_movie I_movie I_movie O O O
831,O O B_movie I_movie I_movie O O O O O O O
832,O O B_mpaa_rating O O O O O O O O O
833,O O O B_movie I_movie O O I_movie O O O O O O O
834,O O O O B_movie O O O O O O O O O O
835,O O O O O B_movie I_movie I_movie O O O O O O O
836,O O O O B_movie B_movie I_movie I_movie I_movie I_movie I_movie I_movie O O O
837,O O B_movie I_movie I_movie O O O O O O O O O O
838,O O O O O O I_movie O O O O O O O O
839,O O O O O O B_movie I_movie I_movie O O O O O O
840,B_subject O O O O O O O O O O O O O O
841,O O O O B_movie I_movie O O O O O O O O O
842,O B_movie I_movie O O O O O O O O O O O O
843,O O O B_movie I_movie O O I_movie O O O O O O O
844,O O O B_movie I_movie O O O O O O O O O O
845,B_subject O O B_movie I_movie O O O O O O O O O O
846,O O O O B_director O O O O O O O O O O
847,O O O O O O B_movie O O O O O O O O
848,O B_movie O B_movie I_movie O O O O O O O O O O
849,O O O O B_director O O O O O O O O O O
850,O O O O O O O O B_movie O O O O O O
851,O O O O O O O O O O O O O O O
852,O O O O O B_movie O O I_movie I_movie I_movie I_movie O O O
853,O O O O O O O O I_movie I_movie O O O B_movie I_movie
854,O O O O O O B_movie I_movie O O O O O O O
855,O O O O O O O O O O O O O O O
856,O O O O B_movie I_movie O O O O O O O O O
857,O O O O O B_movie I_movie O O O O O O O O
858,O O B_movie I_movie I_movie O O O O O O O O O O
859,O O O O O O O O O O O O O O O
860,O O O O O B_subject I_movie O O O O O O O O
861,O O O O O O B_movie I_movie I_movie O O O O O O
862,O O O O O B_movie I_movie O O O O O O O O
863,O O O B_movie I_movie O O O O O O O O O O
864,O O O O O O O O O O O O O O O
865,O O O B_movie I_movie O O O O O O O O O
866,O O B_person I_person O O O O O O O O O O
867,O O B_movie I_movie O O O O O O O O O O
868,O O B_movie I_movie O O O O O O O O O O
869,O O O O B_movie I_movie O I_movie O B_movie I_movie O O O
870,O O B_movie O O O O O O O O O O O
871,B_subject O O O B_person O O O O I_movie I_movie O I_movie O
872,O O O O O O O O O O O O O O
873,O O O O B_subject I_movie O O O O O O O O
874,O O O B_movie O O B_mpaa_rating O O O O O O O
875,B_subject O O O O O O O O O O O O O
876,O O O O I_movie I_movie I_movie O O O O O O O
877,O O B_subject O O O O O O O O O O O
878,O O B_movie I_movie I_movie I_movie O O O O O O O O
879,B_subject O O O O O O O O O O O O O
880,B_subject O O O O O O O O O O O O O
881,O O O O O O I_movie O O O O B_genre O O
882,O B_director O O O O O O O O O O O O
883,O B_genre O O O O O O O O O O O O
884,O O O O O O O O O O O O O O
885,O O O O O I_person O O O O O O O O
886,O O O O O O O O O O O O O O
887,O O O O O O O I_movie O O O O O O
888,O O O O O O O B_person O O O O O O
889,O O O B_director I_director O O O O O O O B_producer O
890,O O B_director O O O O O O O O O O O
891,O O O O O I_movie O O O O O O O O
892,O O O O O B_director I_director I_director O O O O O O
893,O O O O O O B_director I_director O O O O O O
894,O O O O O I_movie I_movie O O I_movie O O I_movie I_movie
895,O O O O O B_subject I_cast I_cast O O O O O O
896,O O O O B_producer O O O O O O O O O
897,O O O O O O B_subject O O O O O O O O O
898,O O I_director O O B_director I_director O O O O O O O O O
899,O O O O O O O O O B_mpaa_rating O O O O O O
900,O O O O O B_language I_cast O I_release_year O O O O O O O
901,O O O O O B_subject O O O O O O O O O O
902,O O O O O O B_country I_cast O O O O O O O O
903,B_subject O B_producer O O O O O O O O O O O O O
904,O B_director I_director O O B_producer I_producer O O O O O O O O O
905,O O O O O I_person O O O O O O O O O O
906,O O B_country O O O O O I_cast O O B_country I_person O O O
907,O O O O O O O O O B_country I_country I_country O O O O
908,O O O O O O O O O O O O O O O O
909,O O O O O O B_country I_country O O O O O O O O
910,O O O O O O O O O I_movie O O O O O O
911,O O O O O O B_language I_cast O O O O O O O O
912,O O O O O B_language O O O B_subject B_mpaa_rating O O O O O
913,O O O O O O O B_country O O O O O O O O
914,O O O O O O B_country I_producer O O O O O O O O
915,O O O I_movie O O O O O O O O O O O O
916,O O O O O O O O O O O O O O O O
917,O O B_person O O O O O O O O O O O O O
918,O O O O O O O O O O O O O O O O
919,O O B_person I_person O O O O O O O O O O O O
920,O O O O O O O O O O O O O O O O
921,B_char O O O O B_movie B_language I_movie O O O O O O O O
922,O O O O B_language O O O O O O O O O O O
923,O B_subject O O O O O O O O O O O O O O
924,O O O O O B_country O O O O O O O O O O
925,O O B_movie O O O O O O O O O O O O O
926,O O B_person I_movie I_movie O O O O O O O O O O O
927,O O O O B_subject I_subject O O O O O O O O O O
928,O O O O O O I_release_year O O O O B_country I_movie O O O
929,O O O B_language O O O O O O O O O O O
930,O O O O O O O O I_movie O O O O O O
931,O O O O I_movie O O O O O O O O O O
932,O O O O O I_director O O O O O O O O O
933,B_subject I_movie B_person I_person O O O O O O O O O O O
934,O O O O B_person O O I_person O O O O O O O
935,O O O O B_director I_director O O O O O O O O O
936,O O O O O O O O O O O O O O O
937,O O O O O O O O O O O O O O O
938,O O O O O O O O O O B_movie I_movie O O O
939,O O O O O B_movie I_movie O O O O O O O O
940,O O B_movie I_movie O O O O O O O O O O O
941,O O O O O O O B_movie O O O O O O O
942,O O O O O O O O B_movie O O O O O O
943,O O O O B_director O O O O O O O O O O
944,O O O B_movie I_movie O I_movie O O O O O O O O
945,O O O O O B_movie I_movie I_movie O O O O O O O
946,O O O B_movie O O O O O O O O O O O
947,O O B_movie I_person O O I_movie O O O O O O O O
948,O O O B_movie I_movie O O O O O O O O O O
949,O O O O O O O B_movie I_movie O O O O O O
950,O O O O I_movie O O O O O O O O O O
951,O O O O O O O B_movie I_movie I_movie O O O O O
952,O O O O O B_movie I_movie I_movie O O O O O O O
953,O O O O O O O B_movie I_movie I_movie O O O O O
954,O O B_movie I_movie I_movie I_movie O O O O O O O O O
955,O O O O O B_movie I_movie I_movie O O O O O O O
956,O O O B_movie I_movie O O O O O O O O O O
957,O O O O B_movie I_movie I_movie O O O O O O O O
958,O O O O B_movie I_movie I_movie O O O O O O O O
959,O O O O O O O O O O O O O O O
960,O O B_movie I_movie O O O O O O O O O O O
961,O O O B_movie I_movie O O O O O O O
962,O O O O B_movie I_movie O O O O O O
963,O O O O O O O O I_movie O O O
964,O O B_movie I_movie I_movie O O O O O O O
965,O O B_movie I_movie I_movie O O O O O O O
966,O O B_movie I_movie I_movie O O O O O O O
967,O O O O O O O O O O O O
968,O O O I_movie O O O O O O O O
969,O O O O O O B_movie I_movie I_movie I_movie O O
970,O O O B_movie I_movie I_movie O O O O O O
971,O O B_movie O B_movie I_movie I_movie I_movie I_movie I_movie I_movie O
972,O O B_movie I_movie I_movie I_movie O O O O O O
973,O O B_movie I_movie I_movie I_movie O O O O O O
974,B_movie I_movie O O O O O O O O O O
975,O O O O O B_movie I_movie I_movie I_movie I_movie I_movie I_movie
976,B_movie I_movie I_movie O O O O O O O O O
977,B_subject O B_movie I_movie I_movie I_movie I_movie I_movie O O O O
978,O O O O O O O O O O O O
979,O O O B_person O B_movie I_movie O O O O O
980,O O B_director I_movie O O O O O O O O
981,O O B_director O O O O B_country O O O O
